,Indice_ori,Logradouro,Numero/KM,Município,Endereço,Location
300,6390,RUA EPIACABA,0,SAO PAULO,"RUA EPIACABA, 0, SAO PAULO","[-23.6344528802915, -46.5882841802915]"
301,6392,AVENIDA JOAO PAULO I,1717,EMBU DAS ARTES,"AVENIDA JOAO PAULO I, 1717, EMBU DAS ARTES","[-23.6383826802915, -46.8238253802915]"
302,6400,ACESSO AVENIDA PROFESSOR LUIZ IGNACIO ANHAIA MELLO,1501,SAO PAULO,"ACESSO AVENIDA PROFESSOR LUIZ IGNACIO ANHAIA MELLO, 1501, SAO PAULO","[-23.58567558029151, -46.58047938029149]"
303,6406,AVENIDA ENGENHEIRO ARMANDO DE ARRUDA PEREIRA,600,SAO PAULO,"AVENIDA ENGENHEIRO ARMANDO DE ARRUDA PEREIRA, 600, SAO PAULO","[-23.6351582802915, -46.6448700802915]"
304,6464,RUA MARECHAL DEODORO,420,SAO BERNARDO DO CAMPO,"RUA MARECHAL DEODORO, 420, SAO BERNARDO DO CAMPO","[-23.7030239802915, -46.5530568802915]"
305,6467,AVENIDA MARCO ANTONIO CALEGARI,100,BARUERI,"AVENIDA MARCO ANTONIO CALEGARI, 100, BARUERI","[-23.5274237, -46.8640458]"
306,6477,RUA MAJOR LUCIO DIAS RAMOS,2755,SAO PAULO,"RUA MAJOR LUCIO DIAS RAMOS, 2755, SAO PAULO","[-23.7644153802915, -46.6968994802915]"
307,6478,AVENIDA MAZZEI,203,SAO PAULO,"AVENIDA MAZZEI, 203, SAO PAULO","[-23.4794560802915, -46.60802408029151]"
308,6543,AVENIDA EMILIO RIBAS,176,GUARULHOS,"AVENIDA EMILIO RIBAS, 176, GUARULHOS","[-23.4712572802915, -46.53772018029149]"
309,6545,ESTRADA DO M'BOI MIRIM,8650,SAO PAULO,"ESTRADA DO M'BOI MIRIM, 8650, SAO PAULO","[-23.7187198802915, -46.78529088029149]"
310,6556,AVENIDA DO CURSINO,901,SAO PAULO,"AVENIDA DO CURSINO, 901, SAO PAULO","[-23.6118291802915, -46.61880328029149]"
311,6561,AVENIDA PAES DE BARROS,187,SAO PAULO,"AVENIDA PAES DE BARROS, 187, SAO PAULO","[-23.5586064802915, -46.6014355802915]"
312,6566,AVENIDA MARECHAL TITO,7300,SAO PAULO,"AVENIDA MARECHAL TITO, 7300, SAO PAULO","[-23.4948349802915, -46.4418649802915]"
313,6631,ACESSO CANAL DE COCAIA,1257,SAO PAULO,"ACESSO CANAL DE COCAIA, 1257, SAO PAULO","[-23.7471846802915, -46.67287048029149]"
314,6635,ACESSO SAO MIGUEL,1900,SAO PAULO,"ACESSO SAO MIGUEL, 1900, SAO PAULO","[-23.5135943802915, -46.51349638029149]"
315,6727,AVENIDA ENGENHEIRO ARMANDO DE ARRUDA PEREIRA,2000,SAO PAULO,"AVENIDA ENGENHEIRO ARMANDO DE ARRUDA PEREIRA, 2000, SAO PAULO","[-23.6466272802915, -46.64257518029151]"
316,6737,RUA CLOVIS BEVILAQUA,620,FERRAZ DE VASCONCELOS,"RUA CLOVIS BEVILAQUA, 620, FERRAZ DE VASCONCELOS","[-23.5386586802915, -46.37438898029149]"
317,6738,AVENIDA JOSE PINHEIRO BORGES,10,SAO PAULO,"AVENIDA JOSE PINHEIRO BORGES, 10, SAO PAULO","[-23.5281067802915, -46.43331918029149]"
318,6744,PONTE ORESTES QUERCIA,0,SAO PAULO,"PONTE ORESTES QUERCIA, 0, SAO PAULO","[-23.5198468802915, -46.63916648029149]"
319,6745,AVENIDA BRIGADEIRO FARIA LIMA,1682,SAO BERNARDO DO CAMPO,"AVENIDA BRIGADEIRO FARIA LIMA, 1682, SAO BERNARDO DO CAMPO","[-23.71465228029151, -46.5534809802915]"
320,6799,AVENIDA CARLOS CALDEIRA FILHO,2457,SAO PAULO,"AVENIDA CARLOS CALDEIRA FILHO, 2457, SAO PAULO","[-23.6482231802915, -46.7571324802915]"
321,6803,AVENIDA MORUMBI,4754,SAO PAULO,"AVENIDA MORUMBI, 4754, SAO PAULO","[-23.6074139802915, -46.7140333802915]"
322,6809,RUA IRMA CAROLINA,635,SAO PAULO,"RUA IRMA CAROLINA, 635, SAO PAULO","[-23.5396165802915, -46.5843552802915]"
323,6819,PRACA LEONOR KAUPA,100,SAO PAULO,"PRACA LEONOR KAUPA, 100, SAO PAULO","[-23.6211668802915, -46.6281573802915]"
324,6877,AVENIDA JORNALISTA ROBERTO MARINHO,100,SAO PAULO,"AVENIDA JORNALISTA ROBERTO MARINHO, 100, SAO PAULO","[-23.6197877802915, -46.68447208029149]"
325,6881,ACESSO AVENIDA SAO MIGUEL,8730,SAO PAULO,"ACESSO AVENIDA SAO MIGUEL, 8730, SAO PAULO","[-23.4980207802915, -46.4544594802915]"
326,6882,PRACA FRANCISCO PEREIRA,80,SAO PAULO,"PRACA FRANCISCO PEREIRA, 80, SAO PAULO","[-23.5009680802915, -46.42400213029151]"
327,6890,ESTRADA DOS ALVARENGAS,53038,SAO BERNARDO DO CAMPO,"ESTRADA DOS ALVARENGAS, 53038, SAO BERNARDO DO CAMPO","[-23.7569838, -46.6319212]"
328,6893,RUA TAUBATE,1316,SAO PAULO,"RUA TAUBATE, 1316, SAO PAULO","[-23.5625656802915, -46.5371470802915]"
329,6895,ESTRADA DO MONTE NEGRO,7,SANTA ISABEL,"ESTRADA DO MONTE NEGRO, 7, SANTA ISABEL","[-23.3097142802915, -46.2104914802915]"
330,6957,AVENIDA PREFEITO HIRANT SANAZAR,98,OSASCO,"AVENIDA PREFEITO HIRANT SANAZAR, 98, OSASCO","[-23.5502399802915, -46.7779338302915]"
331,6965,AVENIDA FRANCISCO FERREIRA LOPES,2737,MOGI DAS CRUZES,"AVENIDA FRANCISCO FERREIRA LOPES, 2737, MOGI DAS CRUZES","[-23.5394423802915, -46.22614988029149]"
332,6967,RUA ROSA KASINSKI,100,MAUA,"RUA ROSA KASINSKI, 100, MAUA","[-23.6615018802915, -46.4775645802915]"
333,6970,AVENIDA MARIA CAMPOS,2,OSASCO,"AVENIDA MARIA CAMPOS, 2, OSASCO","[-23.5331622802915, -46.77484588029149]"
334,6980,RUA SAO CAETANO,452,EMBU DAS ARTES,"RUA SAO CAETANO, 452, EMBU DAS ARTES","[-23.6550164802915, -46.8124984802915]"
335,6984,Avenida Otaviano Alves de Lima,583,SAO PAULO,"Avenida Otaviano Alves de Lima, 583, SAO PAULO","[-23.5126652802915, -46.6812765802915]"
336,6991,RUA ARICANGA,1208,SAO PAULO,"RUA ARICANGA, 1208, SAO PAULO","[-23.5080052802915, -46.41287688029149]"
337,7048,VIADUTO CARLOS DE CAMPOS  TRECHO VILA MATILDE,1,SAO PAULO,"VIADUTO CARLOS DE CAMPOS  TRECHO VILA MATILDE, 1, SAO PAULO","[-23.5347627802915, -46.54245018029151]"
338,7054,AVENIDA MORUMBI,8575,SAO PAULO,"AVENIDA MORUMBI, 8575, SAO PAULO","[-23.6230637302915, -46.6894114302915]"
339,7059,ACESSO AVENIDA SALIM FARAH MALUF,100,SAO PAULO,"ACESSO AVENIDA SALIM FARAH MALUF, 100, SAO PAULO","[-23.5770964802915, -46.57279708029149]"
340,7069,AVENIDA DOS BANDEIRANTES,5495,SAO PAULO,"AVENIDA DOS BANDEIRANTES, 5495, SAO PAULO","[-23.6266259802915, -46.6504629802915]"
341,7070,ALAMEDA AFONSO SCHMIDT,745,SAO PAULO,"ALAMEDA AFONSO SCHMIDT, 745, SAO PAULO","[-23.4960575802915, -46.63633838029151]"
342,7123,AVENIDA PRESIDENTE CASTELO BRANCO,746,MAUA,"AVENIDA PRESIDENTE CASTELO BRANCO, 746, MAUA","[-23.6599722802915, -46.4491458802915]"
343,7192,ACESSO AVENIDA SANTOS DUMONT,10,SANTO ANDRE,"ACESSO AVENIDA SANTOS DUMONT, 10, SANTO ANDRE","[-23.6677983802915, -46.5222407802915]"
344,7241,RUA ORATORIO,1762,SANTO ANDRE,"RUA ORATORIO, 1762, SANTO ANDRE","[-23.6382861802915, -46.5178281802915]"
345,7246,RUA VERGUEIRO,4500,SAO PAULO,"RUA VERGUEIRO, 4500, SAO PAULO","[-23.5970013802915, -46.6257180802915]"
346,7250,AVENIDA HENRIQUE PERES,479,MOGI DAS CRUZES,"AVENIDA HENRIQUE PERES, 479, MOGI DAS CRUZES","[-23.5403225302915, -46.2183433802915]"
347,7257,AVENIDA MANOEL PEDRO PIMENTEL,365,OSASCO,"AVENIDA MANOEL PEDRO PIMENTEL, 365, OSASCO","[-23.5345019802915, -46.76188798029151]"
348,7310,RUA SENA MADUREIRA,415,SAO PAULO,"RUA SENA MADUREIRA, 415, SAO PAULO","[-23.5953446302915, -46.6414882802915]"
349,7323,ALAMEDA DOS IPES,0,OSASCO,"ALAMEDA DOS IPES, 0, OSASCO","[-23.5412746802915, -46.7891029802915]"
350,7324,AVENIDA MARGINAL CORREGO DOS MONTEIROS,100,DIADEMA,"AVENIDA MARGINAL CORREGO DOS MONTEIROS, 100, DIADEMA","[-23.7036578302915, -46.61895639999999]"
351,7332,AVENIDA CAPITAO CASA,151,SAO BERNARDO DO CAMPO,"AVENIDA CAPITAO CASA, 151, SAO BERNARDO DO CAMPO","[-23.7263049802915, -46.55651898029149]"
352,7383,Rodovia Presidente Dutra,223,GUARULHOS,"Rodovia Presidente Dutra, 223, GUARULHOS","[-23.4830968802915, -46.5337927802915]"
353,7412,ACESSO AVENIDA VEREADOR ALMIRO DIAS DE OLIVEIRA,21,ITAQUAQUECETUBA,"ACESSO AVENIDA VEREADOR ALMIRO DIAS DE OLIVEIRA, 21, ITAQUAQUECETUBA","[-23.4810377802915, -46.3533832802915]"
354,7413,RUA MELO FREIRE,100,SAO PAULO,"RUA MELO FREIRE, 100, SAO PAULO","[-23.5408074802915, -46.5726985802915]"
355,7421,AVENIDA DOUTOR HUGO BEOLCHI,567,SAO PAULO,"AVENIDA DOUTOR HUGO BEOLCHI, 567, SAO PAULO","[-23.6321669302915, -46.6431078802915]"
356,7487,AVENIDA TIRADENTES,0,SAO PAULO,"AVENIDA TIRADENTES, 0, SAO PAULO","[-23.5297050802915, -46.6325387802915]"
357,7490,RUA SIMAO CAETANO NUNES,840,SAO PAULO,"RUA SIMAO CAETANO NUNES, 840, SAO PAULO","[-23.6937147802915, -46.7811665802915]"
358,7491,ACESSO AVENIDA JACU PESSEGO,3200,SAO PAULO,"ACESSO AVENIDA JACU PESSEGO, 3200, SAO PAULO","[-23.5313526802915, -46.4580722802915]"
359,7501,RUA ADIBE AUADA,226,COTIA,"RUA ADIBE AUADA, 226, COTIA","[-23.5941566802915, -46.8339192802915]"
360,7556,AVENIDA MARGINAL DO RIBEIRAO,1000,CARAPICUIBA,"AVENIDA MARGINAL DO RIBEIRAO, 1000, CARAPICUIBA","[-23.5544839802915, -46.8226399802915]"
361,7561,Rodovia Ayrton Senna da Silva,1000,GUARULHOS,"Rodovia Ayrton Senna da Silva, 1000, GUARULHOS","[-23.4823211802915, -46.4690903802915]"
362,7563,RUA GARCIA DE ORTA,20,SAO PAULO,"RUA GARCIA DE ORTA, 20, SAO PAULO","[-23.6850317802915, -46.79068108029151]"
363,7566,AVENIDA DOS BANDEIRANTES,5378,SAO PAULO,"AVENIDA DOS BANDEIRANTES, 5378, SAO PAULO","[-23.6259798802915, -46.65151228029149]"
364,7568,AVENIDA PRESIDENTE JUSCELINO KUBITSCHEK,1321,SAO PAULO,"AVENIDA PRESIDENTE JUSCELINO KUBITSCHEK, 1321, SAO PAULO","[-23.5921134802915, -46.6834152802915]"
365,7571,AVENIDA INGLATERRA,0,SAO PAULO,"AVENIDA INGLATERRA, 0, SAO PAULO","[-23.6818299802915, -46.7464025302915]"
366,7634,PARQUE DOM PEDRO II,100,SAO PAULO,"PARQUE DOM PEDRO II, 100, SAO PAULO","[-23.5447828802915, -46.63109538029151]"
367,7702,RUA BENEDITO BARBOSA,2718,SAO PAULO,"RUA BENEDITO BARBOSA, 2718, SAO PAULO","[-23.4614183802915, -46.70018288029149]"
368,7708,VIADUTO COMEN ELIAS NAGIB BREIM,13,SAO PAULO,"VIADUTO COMEN ELIAS NAGIB BREIM, 13, SAO PAULO","[-23.5204654802915, -46.7014234802915]"
369,7711,AVENIDA IMPERATRIZ LEOPOLDINA,14520,SAO PAULO,"AVENIDA IMPERATRIZ LEOPOLDINA, 14520, SAO PAULO","[-23.538111, -46.7381783]"
370,7758,AVENIDA ALDA,2806,DIADEMA,"AVENIDA ALDA, 2806, DIADEMA","[-23.7094303802915, -46.6286182802915]"
371,7764,AVENIDA ELISIO CORDEIRO DE SIQUEIRA,474,SAO PAULO,"AVENIDA ELISIO CORDEIRO DE SIQUEIRA, 474, SAO PAULO","[-23.5044469802915, -46.7492284802915]"
372,7779,RUA CRISTOVAO PEREIRA,1772,SAO PAULO,"RUA CRISTOVAO PEREIRA, 1772, SAO PAULO","[-23.6256214302915, -46.6691855302915]"
373,7781,RUA JOSE MARQUES RIBEIRO,1,CAJAMAR,"RUA JOSE MARQUES RIBEIRO, 1, CAJAMAR","[-23.3844021802915, -46.86271148029149]"
374,7785,PARQUE RAPOSO TAVARES,17,SAO PAULO,"PARQUE RAPOSO TAVARES, 17, SAO PAULO","[-23.5897570802915, -46.7574711802915]"
375,7786,MOGIDUTRA,98,MOGI DAS CRUZES,"MOGIDUTRA, 98, MOGI DAS CRUZES","[-23.4280946802915, -46.2814144802915]"
376,7819,AVENIDA OTAVIO BRAGA DE MESQUITA,1687,GUARULHOS,"AVENIDA OTAVIO BRAGA DE MESQUITA, 1687, GUARULHOS","[-23.4516853802915, -46.5099604802915]"
377,7840,ESTRADA DE SAPOPEMBA,8,RIBEIRAO PIRES,"ESTRADA DE SAPOPEMBA, 8, RIBEIRAO PIRES","[-23.6395233802915, -46.3949401802915]"
378,7854,VIADUTO CONDESSA DE SAO JOAQUIM,100,SAO PAULO,"VIADUTO CONDESSA DE SAO JOAQUIM, 100, SAO PAULO","[-23.5603027802915, -46.63950948029149]"
379,7935,RUA DOUTOR PEDRO DE TOLEDO,342,GUARAREMA,"RUA DOUTOR PEDRO DE TOLEDO, 342, GUARAREMA","[-23.4185691802915, -46.0350943802915]"
380,7939,AVENIDA GUSTAVO ADOLFO,2916,SAO PAULO,"AVENIDA GUSTAVO ADOLFO, 2916, SAO PAULO","[-23.4938353802915, -46.57643048029149]"
381,7941,ESTRADA GUARULHOSSAO MIGUEL,2539,GUARULHOS,"ESTRADA GUARULHOSSAO MIGUEL, 2539, GUARULHOS","[-23.46150818029151, -46.4433155802915]"
382,7945,AVENIDA GOVERNADOR CARVALHO PINTO,2045,SAO PAULO,"AVENIDA GOVERNADOR CARVALHO PINTO, 2045, SAO PAULO","[-23.5151604802915, -46.5312638802915]"
383,7968,ACESSO RUA VEREADOR JOAO BATISTA FITIPALDI,123,SUZANO,"ACESSO RUA VEREADOR JOAO BATISTA FITIPALDI, 123, SUZANO","[-23.5340429802915, -46.3088336802915]"
384,8050,AVENIDA DONA BELMIRA MARIN,1357,SAO PAULO,"AVENIDA DONA BELMIRA MARIN, 1357, SAO PAULO","[-23.7437955802915, -46.69317058029149]"
385,8055,AVENIDA NORDESTINA,2904,SAO PAULO,"AVENIDA NORDESTINA, 2904, SAO PAULO","[-23.5128587802915, -46.4332276802915]"
386,8062,RUA JOAO DOMINGUES DE OLIVEIRA,193,RIBEIRAO PIRES,"RUA JOAO DOMINGUES DE OLIVEIRA, 193, RIBEIRAO PIRES","[-23.7137845802915, -46.4134837802915]"
387,8124,AVENIDA JORNALISTA ROBERTO MARINHO,100,SAO PAULO,"AVENIDA JORNALISTA ROBERTO MARINHO, 100, SAO PAULO","[-23.6197877802915, -46.68447208029149]"
388,8130,AVENIDA CONCEICAO,100,DIADEMA,"AVENIDA CONCEICAO, 100, DIADEMA","[-23.6853626802915, -46.62807608029149]"
389,8132,RUA LEONILDA,396,SANTO ANDRE,"RUA LEONILDA, 396, SANTO ANDRE","[-23.6232400802915, -46.5287246802915]"
390,8135,AVENIDA SAPOPEMBA,3437,SAO PAULO,"AVENIDA SAPOPEMBA, 3437, SAO PAULO","[-23.5756500302915, -46.5573991802915]"
391,8137,RUA ALBERTO DE OLIVEIRA,3540,ITAQUAQUECETUBA,"RUA ALBERTO DE OLIVEIRA, 3540, ITAQUAQUECETUBA","[-23.4466189302915, -46.37962158029149]"
392,8138,Rodovia Ayrton Senna da Silva,13,SAO PAULO,"Rodovia Ayrton Senna da Silva, 13, SAO PAULO","[-23.4675243802915, -46.3702918802915]"
393,8200,Avenida Otaviano Alves de Lima,480,SAO PAULO,"Avenida Otaviano Alves de Lima, 480, SAO PAULO","[-23.5087453802915, -46.7158943802915]"
394,8205,AVENIDA PRESIDENTE TANCREDO NEVES,0,SAO PAULO,"AVENIDA PRESIDENTE TANCREDO NEVES, 0, SAO PAULO","[-23.6083698802915, -46.60738058029149]"
395,8214,AVENIDA BRASIL,2035,FERRAZ DE VASCONCELOS,"AVENIDA BRASIL, 2035, FERRAZ DE VASCONCELOS","[-23.5454499802915, -46.3740736802915]"
396,8219,VIADUTO AIRTON SENNA,25,FERRAZ DE VASCONCELOS,"VIADUTO AIRTON SENNA, 25, FERRAZ DE VASCONCELOS","[-23.5387975802915, -46.3668880802915]"
397,8260,RUA CONSOLACAO,10,CARAPICUIBA,"RUA CONSOLACAO, 10, CARAPICUIBA","[-23.5173922802915, -46.8375490802915]"
398,8276,AVENIDA BRIGADEIRO FARIA LIMA,10,SAO BERNARDO DO CAMPO,"AVENIDA BRIGADEIRO FARIA LIMA, 10, SAO BERNARDO DO CAMPO","[-23.7000068802915, -46.55360828029149]"
399,8294,Rodovia Régis Bittencourt,23,EMBU DAS ARTES,"Rodovia Régis Bittencourt, 23, EMBU DAS ARTES","[-23.6303339302915, -46.82267778029149]"
400,8342,ESTRADA DOS ALVARENGAS,53026,SAO BERNARDO DO CAMPO,"ESTRADA DOS ALVARENGAS, 53026, SAO BERNARDO DO CAMPO","[-23.7569838, -46.6319212]"
401,8356,ESTRADA DE SANTA ISABEL,1001,ARUJA,"ESTRADA DE SANTA ISABEL, 1001, ARUJA","[-23.4108447802915, -46.3189294802915]"
402,8363,AVENIDA TRINTA E UM DE MARCO,3027,SAO BERNARDO DO CAMPO,"AVENIDA TRINTA E UM DE MARCO, 3027, SAO BERNARDO DO CAMPO","[-23.65800568029151, -46.5970932802915]"
403,8365,PRACA DOUTOR JOAO MENDES,62,SAO PAULO,"PRACA DOUTOR JOAO MENDES, 62, SAO PAULO","[-23.5530713802915, -46.6370156802915]"
404,8370,VIADUTO SANTA GENEROSA,10,SAO PAULO,"VIADUTO SANTA GENEROSA, 10, SAO PAULO","[-23.5772321802915, -46.64282358029149]"
405,8407,AVENIDA JOAO PAULO I,3134,EMBU DAS ARTES,"AVENIDA JOAO PAULO I, 3134, EMBU DAS ARTES","[-23.6428409802915, -46.8130631302915]"
406,8412,AVENIDA ELIAS YAZBEK,784,EMBU DAS ARTES,"AVENIDA ELIAS YAZBEK, 784, EMBU DAS ARTES","[-23.6448076802915, -46.8445598302915]"
407,8415,AVENIDA JOAO RAMALHO,1000,SANTO ANDRE,"AVENIDA JOAO RAMALHO, 1000, SANTO ANDRE","[-23.6686097802915, -46.5260378802915]"
408,8475,PRACA EROTIDES DE CAMPOS,975,SAO PAULO,"PRACA EROTIDES DE CAMPOS, 975, SAO PAULO","[-23.4825770802915, -46.5731811802915]"
409,8478,AVENIDA PROFESSOR VICENTE RAO,2327,SAO PAULO,"AVENIDA PROFESSOR VICENTE RAO, 2327, SAO PAULO","[-23.6440526302915, -46.6747401302915]"
410,8479,RUA DOS VIANAS,3148,SAO BERNARDO DO CAMPO,"RUA DOS VIANAS, 3148, SAO BERNARDO DO CAMPO","[-23.7091902302915, -46.5254314302915]"
411,8485,RUA ANTONIO BEZERRA,702,SAO PAULO,"RUA ANTONIO BEZERRA, 702, SAO PAULO","[-23.6232879802915, -46.60767208029149]"
412,8489,AVENIDA PADRE VICENTE MELILO,1544,OSASCO,"AVENIDA PADRE VICENTE MELILO, 1544, OSASCO","[-23.5608243802915, -46.7833741802915]"
413,8491,AVENIDA MARIA CAMPOS,1,OSASCO,"AVENIDA MARIA CAMPOS, 1, OSASCO","[-23.5331578802915, -46.7747629802915]"
414,8542,AVENIDA POMPEIA,10,SAO PAULO,"AVENIDA POMPEIA, 10, SAO PAULO","[-23.5269137802915, -46.68308768029149]"
415,8543,ACESSO RUA MONTE PASCAL,100,SAO PAULO,"ACESSO RUA MONTE PASCAL, 100, SAO PAULO","[-23.5221424302915, -46.7212476802915]"
416,8554,ESTRADA CANAL DE COCAIA,1311,SAO PAULO,"ESTRADA CANAL DE COCAIA, 1311, SAO PAULO","[-23.7470503802915, -46.6728044302915]"
417,8557,RUA GUAICURUS,100,SAO PAULO,"RUA GUAICURUS, 100, SAO PAULO","[-23.52463208029151, -46.6878802802915]"
418,8560,VIADUTO DO GLICERIO,100,SAO PAULO,"VIADUTO DO GLICERIO, 100, SAO PAULO","[-23.5574862802915, -46.6303012802915]"
419,8570,ACESSO DAS LAGRIMAS,100,SAO CAETANO DO SUL,"ACESSO DAS LAGRIMAS, 100, SAO CAETANO DO SUL","[-23.6415930802915, -46.57545098029149]"
420,8625,AVENIDA WASHINGTON LUIS,7023,SAO PAULO,"AVENIDA WASHINGTON LUIS, 7023, SAO PAULO","[-23.6236325802915, -46.6634663302915]"
421,8635,AVENIDA GIOVANNI GRONCHI,3993,SAO PAULO,"AVENIDA GIOVANNI GRONCHI, 3993, SAO PAULO","[-23.6163395802915, -46.73255618029151]"
422,8638,AVENIDA ARICANDUVA,10,SAO PAULO,"AVENIDA ARICANDUVA, 10, SAO PAULO","[-23.5993108802915, -46.4697313802915]"
423,8640,ESTRADA CAUCAIA DO ALTO,100,COTIA,"ESTRADA CAUCAIA DO ALTO, 100, COTIA","[-23.6178612802915, -46.97348458029149]"
424,8644,AVENIDA PRESTES MAIA,0,SAO PAULO,"AVENIDA PRESTES MAIA, 0, SAO PAULO","[-23.53817058029151, -46.6352968802915]"
425,8658,VIADUTO TERESA DELTA,10,SAO BERNARDO DO CAMPO,"VIADUTO TERESA DELTA, 10, SAO BERNARDO DO CAMPO","[-23.7068295802915, -46.5592920802915]"
426,8721,Avenida Marginal Tietê Central,17,SAO PAULO,"Avenida Marginal Tietê Central, 17, SAO PAULO","[-23.5295123802915, -46.5989732802915]"
427,8732,AVENIDA ENGENHEIRO EUSEBIO STEVAUX,800,SAO PAULO,"AVENIDA ENGENHEIRO EUSEBIO STEVAUX, 800, SAO PAULO","[-23.6706132302915, -46.70406893029149]"
428,8747,AVENIDA DO CURSINO,3600,SAO PAULO,"AVENIDA DO CURSINO, 3600, SAO PAULO","[-23.6341354802915, -46.61812718029149]"
429,8749,AVENIDA CORONEL SEZEFREDO FAGUNDES,2699,SAO PAULO,"AVENIDA CORONEL SEZEFREDO FAGUNDES, 2699, SAO PAULO","[-23.4568197802915, -46.6039598802915]"
430,8753,RUA MELO FREIRE,1,SAO PAULO,"RUA MELO FREIRE, 1, SAO PAULO","[-23.5431216802915, -46.5815397802915]"
431,8798,AVENIDA DO IMPERADOR,4870,SAO PAULO,"AVENIDA DO IMPERADOR, 4870, SAO PAULO","[-23.5168776802915, -46.4586941802915]"
432,8803,VIADUTO GUERINO SPITALETI,100,OSASCO,"VIADUTO GUERINO SPITALETI, 100, OSASCO","[-23.52853178029151, -46.7751925802915]"
433,8806,AVENIDA QUEIROZ FILHO,100,SAO PAULO,"AVENIDA QUEIROZ FILHO, 100, SAO PAULO","[-23.5385986802915, -46.7219369802915]"
434,8810,AVENIDA ANCHIETA,720,SAO PAULO,"AVENIDA ANCHIETA, 720, SAO PAULO","[-23.8506059802915, -46.1389959802915]"
435,8819,RUA MELO FREIRE,4800,SAO PAULO,"RUA MELO FREIRE, 4800, SAO PAULO","[-23.5387228802915, -46.5607774802915]"
436,8824,AVENIDA BRASIL,1456,SAO PAULO,"AVENIDA BRASIL, 1456, SAO PAULO","[-23.5708780802915, -46.6728183802915]"
437,8877,AVENIDA YERVANT KISSAJIKIAN,1949,SAO PAULO,"AVENIDA YERVANT KISSAJIKIAN, 1949, SAO PAULO","[-23.67615798029151, -46.6629401802915]"
438,8879,AVENIDA ROQUE PETRONI JUNIOR,1089,SAO PAULO,"AVENIDA ROQUE PETRONI JUNIOR, 1089, SAO PAULO","[-23.6275801802915, -46.68953718029151]"
439,8883,AVENIDA PIRES DO RIO,4022,SAO PAULO,"AVENIDA PIRES DO RIO, 4022, SAO PAULO","[-23.5303251302915, -46.4524112302915]"
440,8888,ACESSO AVENIDA PRESIDENTE TANCREDO NEVES,100,SAO PAULO,"ACESSO AVENIDA PRESIDENTE TANCREDO NEVES, 100, SAO PAULO","[-23.6071324302915, -46.6068056302915]"
441,8891,AVENIDA WASHINGTON LUIS,2500,SAO PAULO,"AVENIDA WASHINGTON LUIS, 2500, SAO PAULO","[-23.6531584802915, -46.6839762802915]"
442,8895,AVENIDA ENGENHEIRO ARMANDO DE ARRUDA PEREIRA,4950,SAO PAULO,"AVENIDA ENGENHEIRO ARMANDO DE ARRUDA PEREIRA, 4950, SAO PAULO","[-23.6690605802915, -46.6378902802915]"
443,8904,AVENIDA WASHINGTON LUIS,6800,SAO PAULO,"AVENIDA WASHINGTON LUIS, 6800, SAO PAULO","[-23.6256239802915, -46.66245958029151]"
444,8940,AVENIDA REBOUCAS,3025,SAO PAULO,"AVENIDA REBOUCAS, 3025, SAO PAULO","[-23.5714417802915, -46.68971948029149]"
445,8941,AVENIDA JOSE PINHEIRO BORGES,10,SAO PAULO,"AVENIDA JOSE PINHEIRO BORGES, 10, SAO PAULO","[-23.5281067802915, -46.43331918029149]"
446,8990,AVENIDA MARGINAL,100,CARAPICUIBA,"AVENIDA MARGINAL, 100, CARAPICUIBA","[-23.5235416802915, -46.8559523802915]"
447,9001,AVENIDA CELSO DOS SANTOS,378,SAO PAULO,"AVENIDA CELSO DOS SANTOS, 378, SAO PAULO","[-23.6684625802915, -46.6711054802915]"
448,9080,RUA VERGUEIRO,0,SAO PAULO,"RUA VERGUEIRO, 0, SAO PAULO","[-23.5724443802915, -46.64159628029149]"
449,9086,Rodovia Castelo Branco,0,BARUERI,"Rodovia Castelo Branco, 0, BARUERI","[-23.5108128802915, -46.8185928802915]"
450,9099,AVENIDA VINTE E TRES DE MAIO,1,SAO PAULO,"AVENIDA VINTE E TRES DE MAIO, 1, SAO PAULO","[-23.5506059802915, -46.63983598029149]"
451,9159,Rodovia Anhieta,0,SAO BERNARDO DO CAMPO,"Rodovia Anhieta, 0, SAO BERNARDO DO CAMPO","[-23.6897320802915, -46.56530228029151]"
452,9167,Rodovia Professor Alfredo Rolim de Moura,32.6,ARUJA,"Rodovia Professor Alfredo Rolim de Moura, 32.6, ARUJA","[-23.5438650802915, -46.1548396802915]"
453,9168,AVENIDA JOAO VINTE E TRES,1130,SAO PAULO,"AVENIDA JOAO VINTE E TRES, 1130, SAO PAULO","[-23.57237243029151, -46.5319494302915]"
454,9176,RUA EMILIA MARENGO,1330,SAO PAULO,"RUA EMILIA MARENGO, 1330, SAO PAULO","[-23.55736288029151, -46.55635238029149]"
455,9179,ACESSO DOUTOR EDUARDO COTCHING,2492,SAO PAULO,"ACESSO DOUTOR EDUARDO COTCHING, 2492, SAO PAULO","[-23.5706681802915, -46.5418943802915]"
456,9231,PRESIDENTE DUTRA,0,GUARULHOS,"PRESIDENTE DUTRA, 0, GUARULHOS","[-23.4401198, -46.4491338]"
457,9234,ACESSO AVENIDA JACUPESSEGO,100,SAO PAULO,"ACESSO AVENIDA JACUPESSEGO, 100, SAO PAULO","[-23.5507665802915, -46.48816378029149]"
458,9235,PONTE JAGUARE,100,SAO PAULO,"PONTE JAGUARE, 100, SAO PAULO","[-23.5588922802915, -46.74665033029149]"
459,9255,AVENIDA PADRE VICENTE MELILO,100,OSASCO,"AVENIDA PADRE VICENTE MELILO, 100, OSASCO","[-23.5498921802915, -46.7765686802915]"
460,9257,AVENIDA SALIM FARAH MALUF,100,SAO PAULO,"AVENIDA SALIM FARAH MALUF, 100, SAO PAULO","[-23.5770964802915, -46.57279708029149]"
461,9258,AVENIDA ANTONIO CARLOS BENJAMIM DOS SANTOS,5925,SAO PAULO,"AVENIDA ANTONIO CARLOS BENJAMIM DOS SANTOS, 5925, SAO PAULO","[-23.77346548029151, -46.7012688802915]"
462,9318,VIADUTO POMPEIA,10,SAO PAULO,"VIADUTO POMPEIA, 10, SAO PAULO","[-23.5217525802915, -46.6804485802915]"
463,9319,AVENIDA DO ESTADO,5303,SAO PAULO,"AVENIDA DO ESTADO, 5303, SAO PAULO","[-23.5584151802915, -46.6198213802915]"
464,9332,AVENIDA DO ESTADO,5405,SAO PAULO,"AVENIDA DO ESTADO, 5405, SAO PAULO","[-23.5588407802915, -46.6189676802915]"
465,9338,AVENIDA DONA BELMIRA MARIN,2400,SAO PAULO,"AVENIDA DONA BELMIRA MARIN, 2400, SAO PAULO","[-23.7516401802915, -46.6894205802915]"
466,9345,AVENIDA MORUMBI,5062,SAO PAULO,"AVENIDA MORUMBI, 5062, SAO PAULO","[-23.6101356802915, -46.7143833802915]"
467,9399,VIADUTO DOS TRABALHADORES,1000,BARUERI,"VIADUTO DOS TRABALHADORES, 1000, BARUERI","[-23.5133341802915, -46.87235258029149]"
468,9402,AVENIDA VITOR CIVITA,1200,OSASCO,"AVENIDA VITOR CIVITA, 1200, OSASCO","[-23.58584938029151, -46.8081688802915]"
469,9457,AVENIDA JOAO PAULO I,1203,EMBU DAS ARTES,"AVENIDA JOAO PAULO I, 1203, EMBU DAS ARTES","[-23.6376275802915, -46.8238259802915]"
470,9459,ESTRADA DO M'BOI MIRIM,8700,SAO PAULO,"ESTRADA DO M'BOI MIRIM, 8700, SAO PAULO","[-23.7194319802915, -46.7858205802915]"
471,9463,RUA VEREADOR EMILIO MENEGHINI,100,SAO PAULO,"RUA VEREADOR EMILIO MENEGHINI, 100, SAO PAULO","[-23.5691395802915, -46.5182233302915]"
472,9510,AVENIDA SAO PAULO,1588,EMBU DAS ARTES,"AVENIDA SAO PAULO, 1588, EMBU DAS ARTES","[-23.6477333, -46.85536073029149]"
473,9538,AVENIDA CAPITAO MARIO TOLEDO DE CAMARGO,5466,SANTO ANDRE,"AVENIDA CAPITAO MARIO TOLEDO DE CAMARGO, 5466, SANTO ANDRE","[-23.7017355802915, -46.5069428802915]"
474,9598,AVENIDA DOUTOR EDUARDO COTCHING,10,SAO PAULO,"AVENIDA DOUTOR EDUARDO COTCHING, 10, SAO PAULO","[-23.5689986802915, -46.5431284802915]"
475,9615,AVENIDA VINTE E TRES DE MAIO,3,SAO PAULO,"AVENIDA VINTE E TRES DE MAIO, 3, SAO PAULO","[-23.5516311802915, -46.6392445802915]"
476,9619,PRACA JACOMO ZANELA,187,SAO PAULO,"PRACA JACOMO ZANELA, 187, SAO PAULO","[-23.51705808029151, -46.7004905802915]"
477,9622,RUA FRANCISCO MARENGO,2000,SAO PAULO,"RUA FRANCISCO MARENGO, 2000, SAO PAULO","[-23.5562898802915, -46.5577215802915]"
478,9624,AVENIDA SHOZO SAKAI,1647,MOGI DAS CRUZES,"AVENIDA SHOZO SAKAI, 1647, MOGI DAS CRUZES","[-23.5539188302915, -46.2249743802915]"
479,9691,AVENIDA SAO MIGUEL,5891,SAO PAULO,"AVENIDA SAO MIGUEL, 5891, SAO PAULO","[-23.5074414802915, -46.4781685802915]"
480,9700,AVENIDA CAPITAO MARIO TOLEDO DE CAMARGO,5855,SANTO ANDRE,"AVENIDA CAPITAO MARIO TOLEDO DE CAMARGO, 5855, SANTO ANDRE","[-23.7052783302915, -46.5055715302915]"
481,9747,RUA MAJOR LUCIO DIAS RAMOS,51,SAO PAULO,"RUA MAJOR LUCIO DIAS RAMOS, 51, SAO PAULO","[-23.7669267802915, -46.6931963802915]"
482,9754,ACESSO AVENIDA JACU PESSEGO  MAUA  RODOANEL,1,SAO PAULO,"ACESSO AVENIDA JACU PESSEGO  MAUA  RODOANEL, 1, SAO PAULO","[-23.7089534, -46.5105031]"
483,9756,RUA BELA VISTA DO PARAISO,1024,GUARULHOS,"RUA BELA VISTA DO PARAISO, 1024, GUARULHOS","[-23.4231489802915, -46.44241418029149]"
484,9758,ACESSO AVENIDA FABIO EDUARDO RAMOS ESQUIVEL,10,DIADEMA,"ACESSO AVENIDA FABIO EDUARDO RAMOS ESQUIVEL, 10, DIADEMA","[-23.6869722802915, -46.62720108029149]"
485,9763,ESTRADA GUAVIRUTUBA,821,SAO PAULO,"ESTRADA GUAVIRUTUBA, 821, SAO PAULO","[-23.6851247802915, -46.7621725802915]"
486,9774,RUA CARLOS GOMES,1001,SAO PAULO,"RUA CARLOS GOMES, 1001, SAO PAULO","[-23.6585070802915, -46.70233988029151]"
487,9818,AVENIDA FRANCISCO RODRIGUES FILHO,100,MOGI DAS CRUZES,"AVENIDA FRANCISCO RODRIGUES FILHO, 100, MOGI DAS CRUZES","[-23.5204119802915, -46.19571018029149]"
488,9821,AVENIDA CRISANTEMO,500,OSASCO,"AVENIDA CRISANTEMO, 500, OSASCO","[-23.5376283802915, -46.7949817302915]"
489,9823,Avenida Embaixador Macedo Soares,555,SAO PAULO,"Avenida Embaixador Macedo Soares, 555, SAO PAULO","[-23.5246904802915, -46.74852128029149]"
490,9824,RUA DOZE DE JUNHO,126,GUARULHOS,"RUA DOZE DE JUNHO, 126, GUARULHOS","[-23.4139967802915, -46.40555768029149]"
491,9827,AVENIDA SAO PAULO,1800,EMBU DAS ARTES,"AVENIDA SAO PAULO, 1800, EMBU DAS ARTES","[-23.6477333, -46.85536073029149]"
492,9828,AVENIDA MARGINAL,100,CARAPICUIBA,"AVENIDA MARGINAL, 100, CARAPICUIBA","[-23.5235416802915, -46.8559523802915]"
493,9830,AVENIDA VINTE E TRES DE MAIO,25,SAO PAULO,"AVENIDA VINTE E TRES DE MAIO, 25, SAO PAULO","[-23.5850472802915, -46.65530598029149]"
494,9833,ACESSO DOUTOR ASSIS RIBEIRO,4160,SAO PAULO,"ACESSO DOUTOR ASSIS RIBEIRO, 4160, SAO PAULO","[-23.4981211802915, -46.5160108802915]"
495,9873,Rodovia Régis Bittencourt,283,EMBU DAS ARTES,"Rodovia Régis Bittencourt, 283, EMBU DAS ARTES","[-23.6766981802915, -46.8577050802915]"
496,9891,AVENIDA MARIA SERVIDEI DEMARCHE,100,SAO BERNARDO DO CAMPO,"AVENIDA MARIA SERVIDEI DEMARCHE, 100, SAO BERNARDO DO CAMPO","[-23.7269727302915, -46.55450003029149]"
497,9898,AVENIDA SALIM FARAH MALUF,100,SAO PAULO,"AVENIDA SALIM FARAH MALUF, 100, SAO PAULO","[-23.5770964802915, -46.57279708029149]"
498,9948,AVENIDA MARCO ANTONIO CALEGARI,1,BARUERI,"AVENIDA MARCO ANTONIO CALEGARI, 1, BARUERI","[-23.5274237, -46.8640458]"
499,9953,RUA BENJAMIN RODRIGUES,125,SANTA ISABEL,"RUA BENJAMIN RODRIGUES, 125, SANTA ISABEL","[-23.3092944802915, -46.22235338029149]"
